<?xml version="1.0" encoding="iso-8859-1"?>
<mosinstall version="1.0.0" type="mambot" group="content">
	<name>Gtalk Chatback Badge Plugin</name>
	<author>Esteban Capoccetti</author>
	<creationDate>September 2008</creationDate>
	<copyright>(C) 2008 ZarateProp. All rights reserved.</copyright>
	<license>http://www.gnu.org/copyleft/gpl.html GNU/GPL</license>
	<authorEmail>esteban.capoccetti@gmail.com</authorEmail>
	<authorUrl>zarateprop.com.ar</authorUrl>
	<version>1.0.0</version>
	<description>Replaces {botGtalkChatback} tag in content with the gtalk chatback badge Iframe</description>
	<files>
		<filename mambot="bot_gtalk_chatback">bot_gtalk_chatback.php</filename>
	</files>
	<params>
		<param name="url" type="text" size="60" default="http://www.google.com/talk/service/badge/Show" label="Gtalk Badge URL" description="URL where Gtalk hosts the Talk chatback badge Service" />
       	<param name="tk" type="textarea" cols="60" rows="5" default="" label="tk" description="You must go to the following Url http://www.google.com/talk/service/badge/New in order to create your TalkChatbacK code. Copy and paste here the TK parameter from the auto-generated html code" />
    	 	<param name="width" type="text" default="200" label="width" description="width in px" />
       	<param name="height" type="text" default="60" label="height" description="height in px" />
	 	<param name="allowTransparency" type="radio" default="1" label="allowTransparency" description="allowTransparency" >
      		<option value="1">Yes</option>
			<option value="0">No</option>
	 	</param>
	 	<param name="frameBorder" type="radio" default="0" label="frameBorder" description="frameBorder" >
      		<option value="1">Yes</option>
			<option value="0">No</option>
      	</param>
	</params>
</mosinstall>
